{
    "Accuracy": 0.9322746614359753,
    "Precision": 0.5482897137211845,
    "Recall": 0.9987014954472268,
    "F1 Score": 0.6904724204027296
}