{
    "Accuracy": 0.8949495835709496,
    "Precision": 0.4435334576555454,
    "Recall": 0.993140785699921,
    "F1 Score": 0.5797171397327897
}